Civility,ContentType3,N,Mean,SD,SE,t_95,CI95_lower,CI95_upper
Civil,Non-political,254,0.08661417322834646,0.28182415528460814,0.017683220226148523,1.9693848042206028,0.051789108025283144,0.12143923843140977
Civil,Political - aligned,254,0.4251968503937008,0.4953488815536419,0.031080953129952668,1.9693848042206028,0.36398649359887925,0.4864072071885224
Civil,Political - opposed,254,0.5196850393700787,0.5005987513906441,0.031410359260497345,1.9693848042206028,0.45782595514734536,0.581544123592812
Borderline,Non-political,254,0.3346456692913386,0.47279807132220086,0.029665989450924003,1.9693848042206028,0.27622192046452015,0.39306941811815704
Borderline,Political - aligned,254,0.5866141732283464,0.493413087640815,0.030959490617137236,1.9693848042206028,0.525643022860546,0.6475853235961468
Borderline,Political - opposed,254,0.6535433070866141,0.4767802545833473,0.029915853851357036,1.9693848042206028,0.5946274791064672,0.7124591350667611
Uncivil,Non-political,254,0.9173228346456693,0.2759373498777316,0.017313849203522184,1.9693848042206028,0.8832252031216857,0.9514204661696529
Uncivil,Political - aligned,254,0.9094488188976378,0.2875363722285073,0.01804163659431433,1.9693848042206028,0.8739178939455249,0.9449797438497508
Uncivil,Political - opposed,254,0.9173228346456693,0.2759373498777316,0.017313849203522184,1.9693848042206028,0.8832252031216857,0.9514204661696529
