Order,Civility,Alignment,N,Mean,SD,SE,CI95_lower,CI95_upper
Order1,Borderline,Aligned,47,0.9574468085106383,0.9990745023468435,0.14572999379058557,0.6641075453790131,1.2507860716422636
Order1,Borderline,Opposed,47,1.2765957446808511,1.0974699690765926,0.1600824477085518,0.9543664902240576,1.5988249991376446
Order1,Civil,Aligned,47,0.9574468085106383,1.0416843970122251,0.15194528571367763,0.6515968116210216,1.2632968054002551
Order1,Civil,Opposed,47,1.0638297872340425,1.1306838123194558,0.16492718467078443,0.7318485830680487,1.3958109914000363
Order1,Uncivil,Aligned,47,2.3404255319148937,1.2558834712054274,0.18318943184972597,1.9716843307760297,2.709166733053758
Order1,Uncivil,Opposed,47,2.8297872340425534,1.1481393063518073,0.16747333015940494,2.492680904828307,3.1668935632568
Order2,Borderline,Aligned,27,1.037037037037037,1.1596246568305386,0.22316986926001295,0.5783048009549994,1.4957692731190746
Order2,Borderline,Opposed,27,1.5925925925925926,1.421246994699732,0.27351911165827897,1.030366006547553,2.154819178637632
Order2,Civil,Aligned,27,1.3333333333333333,1.4411533842457842,0.2773500981126146,0.7632320418523649,1.9034346248143015
Order2,Civil,Opposed,27,1.1111111111111112,1.281025230440697,0.24653342054454627,0.6043544075724727,1.6178678146497496
Order2,Uncivil,Aligned,27,2.3703703703703702,1.1485157025867427,0.22103195001898934,1.9160326902256977,2.824708050515043
Order2,Uncivil,Opposed,27,3.1481481481481484,0.8639668665167354,0.16627050098478488,2.806374238596024,3.4899220577002725
Order3,Borderline,Aligned,40,0.925,1.2687061852987809,0.20060006135438893,0.5192480773396605,1.3307519226603395
Order3,Borderline,Opposed,40,1.275,1.3394889955616542,0.2117918063353,0.8466106363874045,1.7033893636125952
Order3,Civil,Aligned,40,0.975,1.4230249470757708,0.225,0.5198945429917289,1.430105457008271
Order3,Civil,Opposed,40,1.25,1.3913653136029502,0.21999417241698901,0.8050197849911548,1.694980215008845
Order3,Uncivil,Aligned,40,1.85,1.1668498024760776,0.1844951531570993,1.476823328918344,2.2231766710816565
Order3,Uncivil,Opposed,40,2.55,1.280024038235821,0.2023895710295826,2.140628452368328,2.9593715476316715
Order4,Borderline,Aligned,50,1.24,1.2707060547392621,0.17970497364018728,0.8788693349837169,1.601130665016283
Order4,Borderline,Opposed,50,1.48,1.3885831863111848,0.19637531745645237,1.0853690248561199,1.87463097514388
Order4,Civil,Aligned,50,0.68,1.0774118648551314,0.1523690471539815,0.37380293593438135,0.9861970640656188
Order4,Civil,Opposed,50,1.06,1.2521002763520246,0.17707371922681334,0.7041570386954202,1.41584296130458
Order4,Uncivil,Aligned,50,2.34,1.3341664064126333,0.18867962264113206,1.9608341025894913,2.7191658974105084
Order4,Uncivil,Opposed,50,2.36,1.289834667462367,0.18241016799442705,1.9934330433978147,2.726566956602185
Order5,Borderline,Aligned,31,1,0.9309493362512627,0.16720343670903368,0.6585250266102333,1.3414749733897668
Order5,Borderline,Opposed,31,1.3548387096774193,1.2260610940942596,0.22020707310807758,0.9051158695860795,1.804561549768759
Order5,Civil,Aligned,31,0.5161290322580645,0.9956896351084336,0.17883113763857952,0.15090712552977797,0.881350938986351
Order5,Civil,Opposed,31,0.8387096774193549,1.3927616257768445,0.2501473724489522,0.32784058865073273,1.349578766187977
Order5,Uncivil,Aligned,31,2.4193548387096775,1.148163564085045,0.20621626370363283,1.9982050433063954,2.8405046341129596
Order5,Uncivil,Opposed,31,2.4193548387096775,1.1187550684693262,0.20093434196641857,2.008992166586647,2.829717510832708
Order6,Borderline,Aligned,59,1.2372881355932204,1.3043558728861808,0.1698126706224938,0.8973711437787786,1.5772051274076622
Order6,Borderline,Opposed,59,1.3389830508474576,1.294686348536619,0.16855380577772178,1.0015859508029716,1.6763801508919436
Order6,Civil,Aligned,59,0.6610169491525424,1.0765553222090998,0.14015556500901266,0.3804651041737475,0.9415687941313373
Order6,Civil,Opposed,59,1.1864406779661016,1.2102233517311565,0.15755766020544182,0.8710547547718548,1.5018266011603485
Order6,Uncivil,Aligned,59,2.4237288135593222,1.2205621914187665,0.1589036624851771,2.10564857406803,2.7418090530506145
Order6,Uncivil,Opposed,59,2.559322033898305,1.3553366605650619,0.17644980385135195,2.2061193764550566,2.9125246913415532
